Modelo,MAE,RMSE,R2
RandomForest,677.0973015071297,988.6427046461771,0.9812547051353139
Linear,2075.8287501032387,2685.110993761437,0.8617267948637695
Lasso,2075.828947748728,2685.1110137873648,0.8617267928012482
Ridge,2075.835654682919,2685.1121575820252,0.8617266749989011
